{
  "swagger" : "2.0",
  "info" : {
    "description" : "This is a simple API",
    "version" : "1.0.0",
    "title" : "Simple Inventory API",
    "contact" : {
      "email" : "you@your-company.com"
    },
    "license" : {
      "name" : "Apache 2.0",
      "url" : "http://www.apache.org/licenses/LICENSE-2.0.html"
    }
  },
  "host" : "virtserver.swaggerhub.com",
  "basePath" : "/Top2000/OpenWeatherAPI/1.0.0",
  "tags" : [ {
    "name" : "admins",
    "description" : "Secured Admin-only calls"
  }, {
    "name" : "developers",
    "description" : "Operations available to regular developers"
  } ],
  "schemes" : [ "https" ],
  "paths" : {
    "/inventory" : {
      "get" : {
        "tags" : [ "developers" ],
        "summary" : "searches inventory",
        "description" : "By passing in the appropriate options, you can search for\navailable inventory in the system\n",
        "operationId" : "searchInventory",
        "produces" : [ "application/json" ],
        "parameters" : [ {
          "name" : "searchString",
          "in" : "query",
          "description" : "pass an optional search string for looking up inventory",
          "required" : false,
          "type" : "string"
        }, {
          "name" : "skip",
          "in" : "query",
          "description" : "number of records to skip for pagination",
          "required" : false,
          "type" : "integer",
          "minimum" : 0,
          "format" : "int32"
        }, {
          "name" : "limit",
          "in" : "query",
          "description" : "maximum number of records to return",
          "required" : false,
          "type" : "integer",
          "maximum" : 50,
          "minimum" : 0,
          "format" : "int32"
        } ],
        "responses" : {
          "200" : {
            "description" : "search results matching criteria",
            "schema" : {
              "type" : "array",
              "items" : {
                "$ref" : "#/definitions/InventoryItem"
              }
            }
          },
          "400" : {
            "description" : "bad input parameter"
          }
        }
      },
      "post" : {
        "tags" : [ "admins" ],
        "summary" : "adds an inventory item",
        "description" : "Adds an item to the system",
        "operationId" : "addInventory",
        "consumes" : [ "application/json" ],
        "produces" : [ "application/json" ],
        "parameters" : [ {
          "in" : "body",
          "name" : "inventoryItem",
          "description" : "Inventory item to add",
          "required" : false,
          "schema" : {
            "$ref" : "#/definitions/InventoryItem"
          }
        } ],
        "responses" : {
          "201" : {
            "description" : "item created"
          },
          "400" : {
            "description" : "invalid input, object invalid"
          },
          "409" : {
            "description" : "an existing item already exists"
          }
        }
      }
    }
  },
  "definitions" : {
    "InventoryItem" : {
      "type" : "object",
      "required" : [ "id", "manufacturer", "name", "releaseDate" ],
      "properties" : {
        "id" : {
          "type" : "string",
          "format" : "uuid",
          "example" : "d290f1ee-6c54-4b01-90e6-d701748f0851"
        },
        "name" : {
          "type" : "string",
          "example" : "Widget Adapter"
        },
        "releaseDate" : {
          "type" : "string",
          "format" : "date-time",
          "example" : "2016-08-29T09:12:33.001Z"
        },
        "manufacturer" : {
          "$ref" : "#/definitions/Manufacturer"
        }
      }
    },
    "Manufacturer" : {
      "required" : [ "name" ],
      "properties" : {
        "name" : {
          "type" : "string",
          "example" : "ACME Corporation"
        },
        "homePage" : {
          "type" : "string",
          "format" : "url",
          "example" : "https://www.acme-corp.com"
        },
        "phone" : {
          "type" : "string",
          "example" : "408-867-5309"
        }
      }
    }
  }
}